Subject,trial_number,State_1,State_2,State_3,RT_1,RT_2,RT_3,Reward_received,Shock_received,trial_type,State_1_reward,State_2_reward,State_3_reward,State_4_reward,State_1_shock,State_2_shock,State_3_shock,State_4_shock
999,0,,,,,,,nan,nan,0,0.23,0.19,1.0,1.0,0.0,1.0,1.0,0.0
999,1,1,4,8,9.365827540303144,11.732534454415145,13.769270655328,0.17,1.0,0,0.24,0.17,0.92,0.92,0.0,1.0,0.0,0.0
999,2,2,6,10,9.405240693016822,11.638610837086162,13.688653466797405,0.93,0.0,0,0.21,0.27,0.92,0.93,0.0,0.0,0.0,0.0
