Subject,trial_number,State_1,State_2,State_3,RT_1,RT_2,RT_3,Reward_received,Shock_received,trial_type,State_1_reward,State_2_reward,State_3_reward,State_4_reward,State_1_shock,State_2_shock,State_3_shock,State_4_shock
M020,0,,,,,,,nan,nan,0,0.23,0.19,1.0,1.0,0.0,1.0,1.0,0.0
M020,1,2,5,9,10.085996438963775,12.412083286330017,14.078498446608137,0.92,0.0,0,0.24,0.17,0.92,0.92,0.0,1.0,0.0,0.0
M020,2,1,6,9,10.146779083548608,12.525231703326426,14.078498446608137,nan,nan,0,0.21,0.27,0.92,0.93,0.0,0.0,0.0,0.0
M020,3,1,6,9,10.146779083548608,12.525231703326426,14.078498446608137,nan,nan,0,0.24,0.26,0.91,0.9,0.0,1.0,0.0,0.0
